projet_id,secteur_site_id,secteur_site_libelle,id_quadrat,ex_id,annee_modif
aqua_domitia_t1,laroque_fabregues,Laroque / Fabrègues,22AW71,,
aqua_domitia_t1,laroque_fabregues,Laroque / Fabrègues,22AZ68,,
aqua_domitia_t1,laroque_fabregues,Laroque / Fabrègues,22BB68,,
aqua_domitia_t1,laroque_fabregues,Laroque / Fabrègues,22BB71,,
aqua_domitia_t1,laroque_fabregues,Laroque / Fabrègues,22BD66,,
aqua_domitia_t1,laroque_fabregues,Laroque / Fabrègues,22BD70,,
aqua_domitia_t1,laroque_fabregues,Laroque / Fabrègues,22BD72,,
aqua_domitia_t1,laroque_fabregues,Laroque / Fabrègues,22BF66,,
aqua_domitia_t1,laroque_fabregues,Laroque / Fabrègues,22BG65,,
aqua_domitia_t1,laroque_fabregues,Laroque / Fabrègues,22BG67,,
aqua_domitia_t1,laroque_fabregues,Laroque / Fabrègues,22BH70,,
aqua_domitia_t2,les_cresses_cournonsec,Les Cresses / Cournonsec,6,,
aqua_domitia_t2,les_cresses_cournonsec,Les Cresses / Cournonsec,7,,
aqua_domitia_t2,les_cresses_cournonsec,Les Cresses / Cournonsec,8,,
aqua_domitia_t2,les_cresses_cournonsec,Les Cresses / Cournonsec,9,,
aqua_domitia_t2,les_cresses_cournonsec,Les Cresses / Cournonsec,10,,
aqua_domitia_t2,les_cresses_cournonsec,Les Cresses / Cournonsec,11,,
cd34_lien,4_pilats,4 Pilats,4PIL-01,,
cd34_lien,4_pilats,4 Pilats,4PIL-02,,
cd34_lien,4_pilats,4 Pilats,4PIL-03,,
cd34_lien,4_pilats,4 Pilats,4PIL-04,,
cd34_lien,4_pilats,4 Pilats,4PIL-05,,
cd34_lien,4_pilats,4 Pilats,4PIL-06,,
cd34_lien,4_pilats,4 Pilats,4PIL-07,,
cd34_lien,4_pilats,4 Pilats,4PIL-08,,
cd34_lien,lamouroux,Lamouroux,LMRX-01,,
cd34_lien,lamouroux,Lamouroux,LMRX-02,,
cd34_lien,lamouroux,Lamouroux,LMRX-03,,
cd34_lien,lamouroux,Lamouroux,LMRX-04,,
cd34_lien,lamouroux,Lamouroux,LMRX-05,,
cd34_lien,lamouroux,Lamouroux,LMRX-06,,
cd34_lien,lamouroux,Lamouroux,LMRX-07,,
cd34_lien,lamouroux,Lamouroux,LMRX-08,,
cnm,garrigues_guzargues,Garrigues / Guzargues,48BC142,,
cnm,garrigues_guzargues,Garrigues / Guzargues,48BC145,,
cnm,garrigues_guzargues,Garrigues / Guzargues,48BD135,,
cnm,garrigues_guzargues,Garrigues / Guzargues,48BD139,,
cnm,garrigues_guzargues,Garrigues / Guzargues,48BD143,,
cnm,garrigues_guzargues,Garrigues / Guzargues,48BE133,,
cnm,garrigues_guzargues,Garrigues / Guzargues,48BE137,,
cnm,garrigues_guzargues,Garrigues / Guzargues,48BF129,,
cnm,garrigues_guzargues,Garrigues / Guzargues,48BF135,,
cnm,garrigues_guzargues,Garrigues / Guzargues,48BF140,,
cnm,garrigues_guzargues,Garrigues / Guzargues,48BF146,,
cnm,garrigues_guzargues,Garrigues / Guzargues,48BG128,,
cnm,garrigues_guzargues,Garrigues / Guzargues,48BG133,,
cnm,garrigues_guzargues,Garrigues / Guzargues,48BG137,,
cnm,garrigues_guzargues,Garrigues / Guzargues,48BG139,,
cnm,garrigues_guzargues,Garrigues / Guzargues,48BG142,,
cnm,garrigues_guzargues,Garrigues / Guzargues,48BG144,,
cnm,garrigues_guzargues,Garrigues / Guzargues,48BH126,,
cnm,garrigues_guzargues,Garrigues / Guzargues,48BH132,,
cnm,garrigues_guzargues,Garrigues / Guzargues,48BI129,,
cnm,garrigues_guzargues,Garrigues / Guzargues,48BJ127,,
cnm,garrigues_guzargues,Garrigues / Guzargues,48BJ132,,
cnm,garrigues_guzargues,Garrigues / Guzargues,48BK129,,
cnm,garrigues_guzargues,Garrigues / Guzargues,48BL126,,
cnm,garrigues_lunel,Garrigues / Lunel,10AE48,,
cnm,garrigues_lunel,Garrigues / Lunel,10AF49,,
cnm,garrigues_lunel,Garrigues / Lunel,10AG46,,
cnm,garrigues_lunel,Garrigues / Lunel,10AG51,,
cnm,garrigues_saturargues,Garrigues / Saturargues,10C28,,
cnm,garrigues_saturargues,Garrigues / Saturargues,10D23,,
cnm,garrigues_saturargues,Garrigues / Saturargues,10D26,,
cnm,garrigues_saturargues,Garrigues / Saturargues,10E21,,
cnm,garrigues_saturargues,Garrigues / Saturargues,10E25,,
cnm,garrigues_saturargues,Garrigues / Saturargues,10F24,,
cnm,garrigues_saturargues,Garrigues / Saturargues,10G21,,
cnm,garrigues_saturargues,Garrigues / Saturargues,10G26,,
cnm,garrigues_saturargues,Garrigues / Saturargues,38AX34,,
cnm,garrigues_sbdm,Garrigues / Saint-Bauzille-de-Montmel,48BQ40,,
cnm,garrigues_sbdm,Garrigues / Saint-Bauzille-de-Montmel,48BS39,,
cnm,garrigues_sbdm,Garrigues / Saint-Bauzille-de-Montmel,48BS41,,
cnm,garrigues_sbdm,Garrigues / Saint-Bauzille-de-Montmel,48BU41,,
cnm,garrigues_sbdm,Garrigues / Saint-Bauzille-de-Montmel,48BV39,,
cnm,moa_costieres_est,MOA / Costières Est,4CO28,,
cnm,moa_costieres_est,MOA / Costières Est,4CP16,,
cnm,moa_costieres_est,MOA / Costières Est,4CT22,,
cnm,moa_costieres_est,MOA / Costières Est,4CV23,,
cnm,moa_costieres_est,MOA / Costières Est,4CW15,,
cnm,moa_costieres_est,MOA / Costières Est,4CW26,,
cnm,moa_costieres_est,MOA / Costières Est,4CX15,,
cnm,moa_costieres_est,MOA / Costières Est,4CX18,,
cnm,moa_costieres_est,MOA / Costières Est,4CX7,,
cnm,moa_costieres_est,MOA / Costières Est,4CZ21,,
cnm,moa_costieres_est,MOA / Costières Est,4CZ30,,
cnm,moa_costieres_est,MOA / Costières Est,4DA16,,
cnm,moa_costieres_est,MOA / Costières Est,4DC10,,
cnm,moa_costieres_est,MOA / Costières Est,4DC17,,
cnm,moa_costieres_est,MOA / Costières Est,4DC22,,
cnm,moa_costieres_est,MOA / Costières Est,4DD32,,
cnm,moa_costieres_est,MOA / Costières Est,4DE20,,
cnm,moa_costieres_est,MOA / Costières Est,4DG1,,
cnm,moa_costieres_est,MOA / Costières Est,4DG10,,
cnm,moa_costieres_est,MOA / Costières Est,4DG28,,
cnm,moa_costieres_est,MOA / Costières Est,4DG9,,
cnm,moa_costieres_est,MOA / Costières Est,4DH13,,
cnm,moa_costieres_est,MOA / Costières Est,4DK15,,
cnm,moa_costieres_est,MOA / Costières Est,4DK9,,
cnm,moa_costieres_est,MOA / Costières Est,4DL13,,
cnm,moa_costieres_est,MOA / Costières Est,4DL23,,
cnm,moa_costieres_est,MOA / Costières Est,4DL42,,
cnm,moa_costieres_est,MOA / Costières Est,4DM36,,
cnm,moa_costieres_est,MOA / Costières Est,4DN15,,
cnm,moa_costieres_est,MOA / Costières Est,4DP32,,
cnm,moa_costieres_est,MOA / Costières Est,4DS19,,
cnm,moa_costieres_est,MOA / Costières Est,4DT26,,
cnm,moa_costieres_est,MOA / Costières Est,4DU21,,
cnm,moa_costieres_est,MOA / Costières Est,4DX44,,
cnm,moa_costieres_est,MOA / Costières Est,4DZ42,,
cnm,moa_costieres_est,MOA / Costières Est,4EA23,,
cnm,moa_costieres_est,MOA / Costières Est,4EA42,,
cnm,moa_costieres_est,MOA / Costières Est,4EC22,,
cnm,moa_costieres_est,MOA / Costières Est,4ED24,,
cnm,moa_costieres_est,MOA / Costières Est,4ED28,,
cnm,moa_costieres_est,MOA / Costières Est,4EJ31,,
cnm,moa_costieres_est,MOA / Costières Est,4EL17,,
cnm,moa_costieres_est,MOA / Costières Est,4ET15,,
cnm,moa_costieres_est,MOA / Costières Est,4EX12,,
cnm_jonctions,costieres_est,Costières Est,4CQ6,,
cnm_jonctions,plaine_lattes,Plaine / Lattes,LAT_1,,
cnm_jonctions,plaine_lattes,Plaine / Lattes,LAT_2,,
gare_npdg,costieres,Costières,mlo111,,
gare_npdg,costieres,Costières,mlo129,,
gare_npdg,costieres,Costières,mlo135,,
gare_npdg,costieres,Costières,mlo136,,
gare_npdg,costieres,Costières,mlo14,,
gare_npdg,costieres,Costières,mlo140,,
gare_npdg,costieres,Costières,mlo164,,
gare_npdg,costieres,Costières,mlo165,,
gare_npdg,costieres,Costières,mlo22,,
gare_npdg,costieres,Costières,mlo26,,
gare_npdg,costieres,Costières,mlo29,,
gare_npdg,costieres,Costières,mlo35,,
gare_npdg,costieres,Costières,mlo42,,
gare_npdg,costieres,Costières,mlo73,,
gare_npdg,costieres,Costières,mlot1,,
gare_npdg,costieres,Costières,mlot10,,
gare_npdg,costieres,Costières,mlot11,,
gare_npdg,costieres,Costières,mlot12,,
gare_npdg,costieres,Costières,mlot13,,
gare_npdg,costieres,Costières,mlot14,,
gare_npdg,costieres,Costières,mlot2,,
gare_npdg,costieres,Costières,mlot3,,
gare_npdg,costieres,Costières,mlot4,,
gare_npdg,costieres,Costières,mlot5,,
gare_npdg,costieres,Costières,mlot6,,
gare_npdg,costieres,Costières,mlot7,,
gare_npdg,costieres,Costières,mlot8,,
gare_npdg,costieres,Costières,mlot9,,
lotissement_saliniers,murviel_pioch_rouqier,Murviel / Pioch Rouqier,41,,
lotissement_saliniers,murviel_pioch_rouqier,Murviel / Pioch Rouqier,54,,
lotissement_saliniers,murviel_pioch_rouqier,Murviel / Pioch Rouqier,67,,
lotissement_saliniers,murviel_pioch_rouqier,Murviel / Pioch Rouqier,80,,
lotissement_saliniers,murviel_pioch_rouqier,Murviel / Pioch Rouqier,89,,
lotissement_saliniers,murviel_pioch_rouqier,Murviel / Pioch Rouqier,90,,
lotissement_saliniers,murviel_pioch_rouqier,Murviel / Pioch Rouqier,112,,
lotissement_saliniers,murviel_pioch_rouqier,Murviel / Pioch Rouqier,126,,
mc_asf_s3,bachous_villelongue_dels_monts,Bachous / Villelongue dels monts,84-66-5693,,
mc_asf_s3,bachous_villelongue_dels_monts,Bachous / Villelongue dels monts,84-66-5844,,
mc_asf_s3,sablons_le_boulou,Sablons / Le Boulou,84-66-7593,,
mc_asf_s3,sablons_le_boulou,Sablons / Le Boulou,84-66-7894,,
mc_asf_s3,sablons_le_boulou,Sablons / Le Boulou,84-66-8043,,
mc_cdb,lespignan,Lespignan,LES_2493,72-34-2493,2022
mc_cdb,lespignan,Lespignan,LES_2542,72-34-2542,2022
mc_cdb,lespignan,Lespignan,LES_2594,72-34-2594,2022
mc_cdb,nissan_lez_enserune,Nissan-lez-Ensérune,NIS_1589,,
mc_dd_a9,fabregues_lauze,Fabrègues / La Lauze,22AY86,,
mc_dd_a9,fabregues_lauze,Fabrègues / La Lauze,22AY88,,
mc_dd_a9,fabregues_lauze,Fabrègues / La Lauze,22AY89,,
mc_dd_a9,fabregues_lauze,Fabrègues / La Lauze,22AZ87,,
mc_dd_a9,fabregues_lauze,Fabrègues / La Lauze,22BC77,,
mc_dd_a9,fabregues_lauze,Fabrègues / La Lauze,22BC85,,
mc_dd_a9,fabregues_lauze,Fabrègues / La Lauze,22BD82,,
mc_dd_a9,fabregues_lauze,Fabrègues / La Lauze,22BD87,,
mc_dd_a9,fabregues_lauze,Fabrègues / La Lauze,22BD88,,
mc_dd_a9,fabregues_lauze,Fabrègues / La Lauze,22BE81,,
mc_dd_a9,fabregues_lauze,Fabrègues / La Lauze,22BF74,,
mc_dd_a9,fabregues_lauze,Fabrègues / La Lauze,22BF77,,
mc_dd_a9,fabregues_lauze,Fabrègues / La Lauze,22BF81,,
mc_dd_a9,fabregues_lauze,Fabrègues / La Lauze,22BF86,,
mc_dd_a9,fabregues_lauze,Fabrègues / La Lauze,22BF89,,
mc_dd_a9,fabregues_lauze,Fabrègues / La Lauze,22BG86,,
mc_dd_a9,fabregues_lauze,Fabrègues / La Lauze,22BH82,,
mc_dd_a9,fabregues_lauze,Fabrègues / La Lauze,22BH87,,
mc_dd_a9,fabregues_lauze,Fabrègues / La Lauze,22BI79,,
mc_dd_a9,fabregues_lauze,Fabrègues / La Lauze,22BK73,,
mc_garrigues_de_poussan,garrigues_de_ poussan,Garrigues de Poussan,1PO01,,
mc_garrigues_de_poussan,garrigues_de_ poussan,Garrigues de Poussan,1PO02,,
mc_garrigues_de_poussan,garrigues_de_ poussan,Garrigues de Poussan,1PO03,,
mc_garrigues_de_poussan,garrigues_de_ poussan,Garrigues de Poussan,1PO04,,
mc_garrigues_de_poussan,garrigues_de_ poussan,Garrigues de Poussan,1PO05,,
mc_garrigues_de_poussan,garrigues_de_ poussan,Garrigues de Poussan,1PO06,,
mc_garrigues_de_poussan,garrigues_de_ poussan,Garrigues de Poussan,1PO07,,
mc_garrigues_de_poussan,garrigues_de_ poussan,Garrigues de Poussan,1PO08,,
mc_garrigues_de_poussan,garrigues_de_ poussan,Garrigues de Poussan,1PO09,,
mc_garrigues_de_poussan,garrigues_de_ poussan,Garrigues de Poussan,1PO10,,
mc_garrigues_de_poussan,garrigues_de_ poussan,Garrigues de Poussan,2PO01,,
mc_garrigues_de_poussan,garrigues_de_ poussan,Garrigues de Poussan,2PO02,,
mc_hectare,nissan_lez_enserune,Nissan-lez-Ensérune,NIS_1463,NIS-1463,2022
mc_hectare,nissan_lez_enserune,Nissan-lez-Ensérune,NIS_1510,NIS-1510,2022
mc_hectare,nissan_lez_enserune,Nissan-lez-Ensérune,NIS_1728,NIS-1728,2022
mc_hectare,nissan_lez_enserune,Nissan-lez-Ensérune,NIS_1730,NIS-1730,2022
mc_hectare,nissan_lez_enserune,Nissan-lez-Ensérune,NIS_1887,NIS-1887,2022
mc_hectare,nissan_lez_enserune,Nissan-lez-Ensérune,NIS_1942,NIS-1942,2022
mc_hectare,nissan_lez_enserune,Nissan-lez-Ensérune,NIS_1956,NIS-1956,2022
mc_hectare,nissan_lez_enserune,Nissan-lez-Ensérune,NIS_1961,NIS-1961,2022
mc_hectare,nissan_lez_enserune,Nissan-lez-Ensérune,NIS_2138,NIS-2138,2022
mc_hectare,nissan_lez_enserune,Nissan-lez-Ensérune,NIS_2429,NIS-2429,2022
mc_sablons_vaills,saint_jean_pla_de_corts,Saint-Jean-Pla-de-Corts,84-66-7586,,
mc_sablons_vaills,saint_jean_pla_de_corts,Saint-Jean-Pla-de-Corts,84-66-8341,,
mc_sablons_vaills,saint_jean_pla_de_corts,Saint-Jean-Pla-de-Corts,84-66-8490,,
rd5,saint_peyre,Saint-Peyre,RD5_1,,
rd5,saint_peyre,Saint-Peyre,RD5_2,,
rd5,les_cresses,Les Cresses,RD5_3,,
zac_charles_martels,lauze_garrigues_larzat,La Lauze / Garrigues du Larzat,22BW78,,
zac_charles_martels,lauze_garrigues_larzat,La Lauze / Garrigues du Larzat,22BX79,,
zac_charles_martels,lauze_garrigues_larzat,La Lauze / Garrigues du Larzat,22BY74,,
zac_charles_martels,lauze_garrigues_larzat,La Lauze / Garrigues du Larzat,22BY75,,
zac_charles_martels,lauze_garrigues_larzat,La Lauze / Garrigues du Larzat,22BY78,,
zac_charles_martels,lauze_garrigues_larzat,La Lauze / Garrigues du Larzat,22BZ74,,
zac_charles_martels,lauze_garrigues_larzat,La Lauze / Garrigues du Larzat,22BZ77,,
zac_charles_martels,lauze_garrigues_larzat,La Lauze / Garrigues du Larzat,22BZ78,,
